model,users,precision_at_k,recall_at_k,ndcg_at_k,hit_at_k
popularity,1952,7.172131147540987E-4,0.014344262295081968,0.006328203256701341,0.014344262295081968
itemcf,1952,3.842213114754099E-4,0.007684426229508197,0.002572467572800673,0.007684426229508197
emb,1952,0.002945696721311469,0.05891393442622951,0.02333303640403228,0.05891393442622951
