model,users,precision_at_k,recall_at_k,ndcg_at_k,hit_at_k
popularity,2717,5.15274199484726E-4,0.010305483989694516,0.004709658975301684,0.010305483989694516
itemcf,2717,1.4722119985277878E-4,0.002944423997055576,0.001222700799092312,0.002944423997055576
emb,2717,0.002263525947736469,0.04527051895472948,0.017838237391216087,0.04527051895472948
