model,users,precision_at_k,recall_at_k,ndcg_at_k,hit_at_k
popularity,2717,5.520794994479205E-4,0.005520794994479205,0.0034848482182407905,0.005520794994479205
itemcf,2717,1.472211998527788E-4,0.001472211998527788,8.522137934434041E-4,0.001472211998527788
emb,2717,0.0023555391976444583,0.023555391976444608,0.012411196957963949,0.023555391976444608
