model,users,precision_at_k,recall_at_k,ndcg_at_k,hit_at_k
popularity,2377,7.151872107698782E-4,0.00715187210769878,0.004053559898028207,0.00715187210769878
itemcf,2377,2.524190155658393E-4,0.002524190155658393,0.001577196654531929,0.002524190155658393
emb,2377,0.0025241901556583906,0.02524190155658393,0.013360136703249842,0.02524190155658393
