model,users,precision_at_k,recall_at_k,ndcg_at_k,hit_at_k
popularity,2377,5.679427850231386E-4,0.011358855700462769,0.0050964127215927454,0.011358855700462769
itemcf,2377,1.6827934371055952E-4,0.0033655868742111907,0.0017960599925324842,0.0033655868742111907
emb,2377,0.002419015565839288,0.048380311316785864,0.019161164097884313,0.048380311316785864
