model,users,precision_at_k,recall_at_k,ndcg_at_k,hit_at_k
popularity,1952,7.172131147540984E-4,0.007172131147540984,0.004507979002571068,0.007172131147540984
itemcf,1952,4.0983606557377044E-4,0.004098360655737705,0.0016674216771294112,0.004098360655737705
emb,1952,0.003073770491803276,0.030737704918032786,0.016268977942430776,0.030737704918032786
